time_s,angle_deg,angular_vel_dps,pid_output,setpoint
0.0000,10.7983,-420.1691,-100.0000,0.0000
0.0100,11.6008,80.2464,100.0000,0.0000
0.0200,10.5073,-109.3449,-41.4751,0.0000
0.0300,10.3388,-16.8543,17.0425,0.0000
0.0400,9.7633,-57.5509,-10.4519,0.0000
0.0500,9.4078,-35.5495,2.6204,0.0000
0.0600,8.9754,-43.2425,-3.4468,0.0000
0.0700,8.6049,-37.0438,-0.4903,0.0000
0.0800,8.2298,-37.5077,-1.7942,0.0000
0.0900,7.8805,-34.9343,-1.0924,0.0000
0.1000,7.5415,-33.8945,-1.3404,0.0000
0.1100,7.2193,-32.2278,-1.1440,0.0000
0.1200,6.9098,-30.9491,-1.1606,0.0000
0.1300,6.6140,-29.5758,-1.0799,0.0000
0.1400,6.3307,-28.3318,-1.0483,0.0000
0.1500,6.0596,-27.1079,-0.9965,0.0000
0.1600,5.8001,-25.9520,-0.9571,0.0000
0.1700,5.5517,-24.8382,-0.9146,0.0000
0.1800,5.3140,-23.7756,-0.8761,0.0000
0.1900,5.0864,-22.7569,-0.8383,0.0000
0.2000,4.8686,-21.7826,-0.8025,0.0000
0.2100,4.6601,-20.8496,-0.7681,0.0000
0.2200,4.4605,-19.9568,-0.7352,0.0000
0.2300,4.2695,-19.1022,-0.7037,0.0000
0.2400,4.0866,-18.2841,-0.6736,0.0000
0.2500,3.9116,-17.5011,-0.6447,0.0000
0.2600,3.7441,-16.7516,-0.6171,0.0000
0.2700,3.5838,-16.0342,-0.5907,0.0000
0.2800,3.4303,-15.3475,-0.5654,0.0000
0.2900,3.2834,-14.6903,-0.5412,0.0000
0.3000,3.1428,-14.0612,-0.5180,0.0000
0.3100,3.0082,-13.4590,-0.4958,0.0000
0.3200,2.8794,-12.8826,-0.4746,0.0000
0.3300,2.7561,-12.3309,-0.4543,0.0000
0.3400,2.6380,-11.8028,-0.4348,0.0000
0.3500,2.5251,-11.2974,-0.4162,0.0000
0.3600,2.4169,-10.8136,-0.3984,0.0000
0.3700,2.3134,-10.3505,-0.3813,0.0000
0.3800,2.2143,-9.9072,-0.3650,0.0000
0.3900,2.1195,-9.4829,-0.3494,0.0000
0.4000,2.0287,-9.0768,-0.3344,0.0000
0.4100,1.9419,-8.6881,-0.3201,0.0000
0.4200,1.8587,-8.3161,-0.3064,0.0000
0.4300,1.7791,-7.9599,-0.2932,0.0000
0.4400,1.7029,-7.6190,-0.2807,0.0000
0.4500,1.6300,-7.2927,-0.2687,0.0000
0.4600,1.5602,-6.9804,-0.2572,0.0000
0.4700,1.4934,-6.6815,-0.2461,0.0000
0.4800,1.4294,-6.3954,-0.2356,0.0000
0.4900,1.3682,-6.1215,-0.2255,0.0000
0.5000,1.3096,-5.8593,-0.2159,0.0000
0.5100,1.2535,-5.6084,-0.2066,0.0000
0.5200,1.1998,-5.3682,-0.1978,0.0000
0.5300,1.1485,-5.1383,-0.1893,0.0000
0.5400,1.0993,-4.9183,-0.1812,0.0000
0.5500,1.0522,-4.7076,-0.1734,0.0000
0.5600,1.0071,-4.5061,-0.1660,0.0000
0.5700,0.9640,-4.3131,-0.1589,0.0000
0.5800,0.9227,-4.1284,-0.1521,0.0000
0.5900,0.8832,-3.9516,-0.1456,0.0000
0.6000,0.8454,-3.7823,-0.1393,0.0000
0.6100,0.8092,-3.6204,-0.1334,0.0000
0.6200,0.7745,-3.4653,-0.1277,0.0000
0.6300,0.7414,-3.3169,-0.1222,0.0000
0.6400,0.7096,-3.1749,-0.1170,0.0000
0.6500,0.6792,-3.0389,-0.1120,0.0000
0.6600,0.6501,-2.9088,-0.1072,0.0000
0.6700,0.6223,-2.7842,-0.1026,0.0000
0.6800,0.5956,-2.6650,-0.0982,0.0000
0.6900,0.5701,-2.5508,-0.0940,0.0000
0.7000,0.5457,-2.4416,-0.0899,0.0000
0.7100,0.5223,-2.3370,-0.0861,0.0000
0.7200,0.5000,-2.2370,-0.0824,0.0000
0.7300,0.4786,-2.1412,-0.0789,0.0000
0.7400,0.4581,-2.0495,-0.0755,0.0000
0.7500,0.4385,-1.9617,-0.0723,0.0000
0.7600,0.4197,-1.8777,-0.0692,0.0000
0.7700,0.4017,-1.7973,-0.0662,0.0000
0.7800,0.3845,-1.7203,-0.0634,0.0000
0.7900,0.3680,-1.6466,-0.0607,0.0000
0.8000,0.3523,-1.5761,-0.0581,0.0000
0.8100,0.3372,-1.5086,-0.0556,0.0000
0.8200,0.3227,-1.4440,-0.0532,0.0000
0.8300,0.3089,-1.3822,-0.0509,0.0000
0.8400,0.2957,-1.3230,-0.0487,0.0000
0.8500,0.2830,-1.2663,-0.0467,0.0000
0.8600,0.2709,-1.2121,-0.0447,0.0000
0.8700,0.2593,-1.1602,-0.0427,0.0000
0.8800,0.2482,-1.1105,-0.0409,0.0000
0.8900,0.2376,-1.0629,-0.0392,0.0000
0.9000,0.2274,-1.0174,-0.0375,0.0000
0.9100,0.2177,-0.9738,-0.0359,0.0000
0.9200,0.2083,-0.9321,-0.0343,0.0000
0.9300,0.1994,-0.8922,-0.0329,0.0000
0.9400,0.1909,-0.8540,-0.0315,0.0000
0.9500,0.1827,-0.8174,-0.0301,0.0000
0.9600,0.1749,-0.7824,-0.0288,0.0000
0.9700,0.1674,-0.7489,-0.0276,0.0000
0.9800,0.1602,-0.7169,-0.0264,0.0000
0.9900,0.1534,-0.6862,-0.0253,0.0000
1.0000,0.1468,-0.6568,-0.0242,0.0000
1.0100,0.1405,-0.6286,-0.0232,0.0000
1.0200,0.1345,-0.6017,-0.0222,0.0000
1.0300,0.1287,-0.5760,-0.0212,0.0000
1.0400,0.1232,-0.5513,-0.0203,0.0000
1.0500,0.1179,-0.5277,-0.0194,0.0000
1.0600,0.1129,-0.5051,-0.0186,0.0000
1.0700,0.1081,-0.4835,-0.0178,0.0000
1.0800,0.1034,-0.4627,-0.0170,0.0000
1.0900,0.0990,-0.4429,-0.0163,0.0000
1.1000,0.0948,-0.4240,-0.0156,0.0000
1.1100,0.0907,-0.4058,-0.0149,0.0000
1.1200,0.0868,-0.3884,-0.0143,0.0000
1.1300,0.0831,-0.3718,-0.0137,0.0000
1.1400,0.0795,-0.3559,-0.0131,0.0000
1.1500,0.0761,-0.3406,-0.0125,0.0000
1.1600,0.0729,-0.3260,-0.0120,0.0000
1.1700,0.0698,-0.3121,-0.0115,0.0000
1.1800,0.0668,-0.2987,-0.0110,0.0000
1.1900,0.0639,-0.2859,-0.0105,0.0000
1.2000,0.0612,-0.2737,-0.0101,0.0000
1.2100,0.0585,-0.2620,-0.0097,0.0000
1.2200,0.0560,-0.2507,-0.0092,0.0000
1.2300,0.0536,-0.2400,-0.0088,0.0000
1.2400,0.0513,-0.2297,-0.0085,0.0000
1.2500,0.0491,-0.2199,-0.0081,0.0000
1.2600,0.0470,-0.2105,-0.0078,0.0000
1.2700,0.0450,-0.2015,-0.0074,0.0000
1.2800,0.0431,-0.1928,-0.0071,0.0000
1.2900,0.0413,-0.1846,-0.0068,0.0000
1.3000,0.0395,-0.1767,-0.0065,0.0000
1.3100,0.0378,-0.1691,-0.0062,0.0000
1.3200,0.0362,-0.1619,-0.0060,0.0000
1.3300,0.0346,-0.1549,-0.0057,0.0000
1.3400,0.0331,-0.1483,-0.0055,0.0000
1.3500,0.0317,-0.1419,-0.0052,0.0000
1.3600,0.0304,-0.1359,-0.0050,0.0000
1.3700,0.0291,-0.1300,-0.0048,0.0000
1.3800,0.0278,-0.1245,-0.0046,0.0000
1.3900,0.0266,-0.1191,-0.0044,0.0000
1.4000,0.0255,-0.1140,-0.0042,0.0000
1.4100,0.0244,-0.1092,-0.0040,0.0000
1.4200,0.0234,-0.1045,-0.0038,0.0000
1.4300,0.0224,-0.1000,-0.0037,0.0000
1.4400,0.0214,-0.0957,-0.0035,0.0000
1.4500,0.0205,-0.0916,-0.0034,0.0000
1.4600,0.0196,-0.0877,-0.0032,0.0000
1.4700,0.0188,-0.0839,-0.0031,0.0000
1.4800,0.0180,-0.0804,-0.0030,0.0000
1.4900,0.0172,-0.0769,-0.0028,0.0000
1.5000,0.0165,-0.0736,-0.0027,0.0000
1.5100,0.0157,-0.0705,-0.0026,0.0000
1.5200,0.0151,-0.0674,-0.0025,0.0000
1.5300,0.0144,-0.0646,-0.0024,0.0000
1.5400,0.0138,-0.0618,-0.0023,0.0000
1.5500,0.0132,-0.0591,-0.0022,0.0000
1.5600,0.0127,-0.0566,-0.0021,0.0000
1.5700,0.0121,-0.0542,-0.0020,0.0000
1.5800,0.0116,-0.0519,-0.0019,0.0000
1.5900,0.0111,-0.0496,-0.0018,0.0000
1.6000,0.0106,-0.0475,-0.0018,0.0000
1.6100,0.0102,-0.0455,-0.0017,0.0000
1.6200,0.0097,-0.0435,-0.0016,0.0000
1.6300,0.0093,-0.0417,-0.0015,0.0000
1.6400,0.0089,-0.0399,-0.0015,0.0000
1.6500,0.0085,-0.0382,-0.0014,0.0000
1.6600,0.0082,-0.0365,-0.0013,0.0000
1.6700,0.0078,-0.0350,-0.0013,0.0000
1.6800,0.0075,-0.0335,-0.0012,0.0000
1.6900,0.0072,-0.0320,-0.0012,0.0000
1.7000,0.0069,-0.0307,-0.0011,0.0000
1.7100,0.0066,-0.0294,-0.0011,0.0000
1.7200,0.0063,-0.0281,-0.0010,0.0000
1.7300,0.0060,-0.0269,-0.0010,0.0000
1.7400,0.0058,-0.0257,-0.0009,0.0000
1.7500,0.0055,-0.0246,-0.0009,0.0000
1.7600,0.0053,-0.0236,-0.0009,0.0000
1.7700,0.0050,-0.0226,-0.0008,0.0000
1.7800,0.0048,-0.0216,-0.0008,0.0000
1.7900,0.0046,-0.0207,-0.0008,0.0000
1.8000,0.0044,-0.0198,-0.0007,0.0000
1.8100,0.0042,-0.0190,-0.0007,0.0000
1.8200,0.0041,-0.0181,-0.0007,0.0000
1.8300,0.0039,-0.0174,-0.0006,0.0000
1.8400,0.0037,-0.0166,-0.0006,0.0000
1.8500,0.0036,-0.0159,-0.0006,0.0000
1.8600,0.0034,-0.0152,-0.0006,0.0000
1.8700,0.0033,-0.0146,-0.0005,0.0000
1.8800,0.0031,-0.0140,-0.0005,0.0000
1.8900,0.0030,-0.0134,-0.0005,0.0000
1.9000,0.0029,-0.0128,-0.0005,0.0000
1.9100,0.0027,-0.0122,-0.0005,0.0000
1.9200,0.0026,-0.0117,-0.0004,0.0000
1.9300,0.0025,-0.0112,-0.0004,0.0000
1.9400,0.0024,-0.0107,-0.0004,0.0000
1.9500,0.0023,-0.0103,-0.0004,0.0000
1.9600,0.0022,-0.0098,-0.0004,0.0000
1.9700,0.0021,-0.0094,-0.0003,0.0000
1.9800,0.0020,-0.0090,-0.0003,0.0000
1.9900,0.0019,-0.0086,-0.0003,0.0000
2.0000,0.0018,-0.0083,-0.0003,0.0000
2.0100,0.0018,-0.0079,-0.0003,0.0000
2.0200,0.0017,-0.0076,-0.0003,0.0000
2.0300,0.0016,-0.0072,-0.0003,0.0000
2.0400,0.0015,-0.0069,-0.0003,0.0000
2.0500,0.0015,-0.0066,-0.0002,0.0000
2.0600,0.0014,-0.0063,-0.0002,0.0000
2.0700,0.0014,-0.0061,-0.0002,0.0000
2.0800,0.0013,-0.0058,-0.0002,0.0000
2.0900,0.0012,-0.0056,-0.0002,0.0000
2.1000,0.0012,-0.0053,-0.0002,0.0000
2.1100,0.0011,-0.0051,-0.0002,0.0000
2.1200,0.0011,-0.0049,-0.0002,0.0000
2.1300,0.0010,-0.0047,-0.0002,0.0000
2.1400,0.0010,-0.0045,-0.0002,0.0000
2.1500,0.0010,-0.0043,-0.0002,0.0000
2.1600,0.0009,-0.0041,-0.0002,0.0000
2.1700,0.0009,-0.0039,-0.0001,0.0000
2.1800,0.0008,-0.0038,-0.0001,0.0000
2.1900,0.0008,-0.0036,-0.0001,0.0000
2.2000,0.0008,-0.0034,-0.0001,0.0000
2.2100,0.0007,-0.0033,-0.0001,0.0000
2.2200,0.0007,-0.0032,-0.0001,0.0000
2.2300,0.0007,-0.0030,-0.0001,0.0000
2.2400,0.0006,-0.0029,-0.0001,0.0000
2.2500,0.0006,-0.0028,-0.0001,0.0000
2.2600,0.0006,-0.0026,-0.0001,0.0000
2.2700,0.0006,-0.0025,-0.0001,0.0000
2.2800,0.0005,-0.0024,-0.0001,0.0000
2.2900,0.0005,-0.0023,-0.0001,0.0000
2.3000,0.0005,-0.0022,-0.0001,0.0000
2.3100,0.0005,-0.0021,-0.0001,0.0000
2.3200,0.0005,-0.0020,-0.0001,0.0000
2.3300,0.0004,-0.0019,-0.0001,0.0000
2.3400,0.0004,-0.0019,-0.0001,0.0000
2.3500,0.0004,-0.0018,-0.0001,0.0000
2.3600,0.0004,-0.0017,-0.0001,0.0000
2.3700,0.0004,-0.0016,-0.0001,0.0000
2.3800,0.0003,-0.0016,-0.0001,0.0000
2.3900,0.0003,-0.0015,-0.0001,0.0000
2.4000,0.0003,-0.0014,-0.0001,0.0000
2.4100,0.0003,-0.0014,-0.0001,0.0000
2.4200,0.0003,-0.0013,-0.0000,0.0000
2.4300,0.0003,-0.0013,-0.0000,0.0000
2.4400,0.0003,-0.0012,-0.0000,0.0000
2.4500,0.0003,-0.0012,-0.0000,0.0000
2.4600,0.0002,-0.0011,-0.0000,0.0000
2.4700,0.0002,-0.0011,-0.0000,0.0000
2.4800,0.0002,-0.0010,-0.0000,0.0000
2.4900,0.0002,-0.0010,-0.0000,0.0000
2.5000,0.0002,-0.0009,-0.0000,0.0000
2.5100,0.0002,-0.0009,-0.0000,0.0000
2.5200,0.0002,-0.0008,-0.0000,0.0000
2.5300,0.0002,-0.0008,-0.0000,0.0000
2.5400,0.0002,-0.0008,-0.0000,0.0000
2.5500,0.0002,-0.0007,-0.0000,0.0000
2.5600,0.0002,-0.0007,-0.0000,0.0000
2.5700,0.0002,-0.0007,-0.0000,0.0000
2.5800,0.0001,-0.0007,-0.0000,0.0000
2.5900,0.0001,-0.0006,-0.0000,0.0000
2.6000,0.0001,-0.0006,-0.0000,0.0000
2.6100,0.0001,-0.0006,-0.0000,0.0000
2.6200,0.0001,-0.0005,-0.0000,0.0000
2.6300,0.0001,-0.0005,-0.0000,0.0000
2.6400,0.0001,-0.0005,-0.0000,0.0000
2.6500,0.0001,-0.0005,-0.0000,0.0000
2.6600,0.0001,-0.0005,-0.0000,0.0000
2.6700,0.0001,-0.0004,-0.0000,0.0000
2.6800,0.0001,-0.0004,-0.0000,0.0000
2.6900,0.0001,-0.0004,-0.0000,0.0000
2.7000,0.0001,-0.0004,-0.0000,0.0000
2.7100,0.0001,-0.0004,-0.0000,0.0000
2.7200,0.0001,-0.0004,-0.0000,0.0000
2.7300,0.0001,-0.0003,-0.0000,0.0000
2.7400,0.0001,-0.0003,-0.0000,0.0000
2.7500,0.0001,-0.0003,-0.0000,0.0000
2.7600,0.0001,-0.0003,-0.0000,0.0000
2.7700,0.0001,-0.0003,-0.0000,0.0000
2.7800,0.0001,-0.0003,-0.0000,0.0000
2.7900,0.0001,-0.0003,-0.0000,0.0000
2.8000,0.0001,-0.0002,-0.0000,0.0000
2.8100,0.0001,-0.0002,-0.0000,0.0000
2.8200,0.0001,-0.0002,-0.0000,0.0000
2.8300,0.0000,-0.0002,-0.0000,0.0000
2.8400,0.0000,-0.0002,-0.0000,0.0000
2.8500,0.0000,-0.0002,-0.0000,0.0000
2.8600,0.0000,-0.0002,-0.0000,0.0000
2.8700,0.0000,-0.0002,-0.0000,0.0000
2.8800,0.0000,-0.0002,-0.0000,0.0000
2.8900,0.0000,-0.0002,-0.0000,0.0000
2.9000,0.0000,-0.0002,-0.0000,0.0000
2.9100,0.0000,-0.0002,-0.0000,0.0000
2.9200,0.0000,-0.0001,-0.0000,0.0000
2.9300,0.0000,-0.0001,-0.0000,0.0000
2.9400,0.0000,-0.0001,-0.0000,0.0000
2.9500,0.0000,-0.0001,-0.0000,0.0000
2.9600,0.0000,-0.0001,-0.0000,0.0000
2.9700,0.0000,-0.0001,-0.0000,0.0000
2.9800,0.0000,-0.0001,-0.0000,0.0000
2.9900,0.0000,-0.0001,-0.0000,0.0000
3.0000,0.0000,-0.0001,-0.0000,0.0000
3.0100,0.0000,-0.0001,-0.0000,0.0000
3.0200,0.0000,-0.0001,-0.0000,0.0000
3.0300,0.0000,-0.0001,-0.0000,0.0000
3.0400,0.0000,-0.0001,-0.0000,0.0000
3.0500,0.0000,-0.0001,-0.0000,0.0000
3.0600,0.0000,-0.0001,-0.0000,0.0000
3.0700,0.0000,-0.0001,-0.0000,0.0000
3.0800,0.0000,-0.0001,-0.0000,0.0000
3.0900,0.0000,-0.0001,-0.0000,0.0000
3.1000,0.0000,-0.0001,-0.0000,0.0000
3.1100,0.0000,-0.0001,-0.0000,0.0000
3.1200,0.0000,-0.0001,-0.0000,0.0000
3.1300,0.0000,-0.0001,-0.0000,0.0000
3.1400,0.0000,-0.0001,-0.0000,0.0000
3.1500,0.0000,-0.0001,-0.0000,0.0000
3.1600,0.0000,-0.0001,-0.0000,0.0000
3.1700,0.0000,-0.0000,-0.0000,0.0000
3.1800,0.0000,-0.0000,-0.0000,0.0000
3.1900,0.0000,-0.0000,-0.0000,0.0000
3.2000,0.0000,-0.0000,-0.0000,0.0000
3.2100,0.0000,-0.0000,-0.0000,0.0000
3.2200,0.0000,-0.0000,-0.0000,0.0000
3.2300,0.0000,-0.0000,-0.0000,0.0000
3.2400,0.0000,-0.0000,-0.0000,0.0000
3.2500,0.0000,-0.0000,-0.0000,0.0000
3.2600,0.0000,-0.0000,-0.0000,0.0000
3.2700,0.0000,-0.0000,-0.0000,0.0000
3.2800,0.0000,-0.0000,-0.0000,0.0000
3.2900,0.0000,-0.0000,-0.0000,0.0000
3.3000,0.0000,-0.0000,-0.0000,0.0000
3.3100,0.0000,-0.0000,-0.0000,0.0000
3.3200,0.0000,-0.0000,-0.0000,0.0000
3.3300,0.0000,-0.0000,-0.0000,0.0000
3.3400,0.0000,-0.0000,-0.0000,0.0000
3.3500,0.0000,-0.0000,-0.0000,0.0000
3.3600,0.0000,-0.0000,-0.0000,0.0000
3.3700,0.0000,-0.0000,-0.0000,0.0000
3.3800,0.0000,-0.0000,-0.0000,0.0000
3.3900,0.0000,-0.0000,-0.0000,0.0000
3.4000,0.0000,-0.0000,-0.0000,0.0000
3.4100,0.0000,-0.0000,-0.0000,0.0000
3.4200,0.0000,-0.0000,-0.0000,0.0000
3.4300,0.0000,-0.0000,-0.0000,0.0000
3.4400,0.0000,-0.0000,-0.0000,0.0000
3.4500,0.0000,-0.0000,-0.0000,0.0000
3.4600,0.0000,-0.0000,-0.0000,0.0000
3.4700,0.0000,-0.0000,-0.0000,0.0000
3.4800,0.0000,-0.0000,-0.0000,0.0000
3.4900,0.0000,-0.0000,-0.0000,0.0000
3.5000,0.0000,-0.0000,-0.0000,0.0000
3.5100,0.0000,-0.0000,-0.0000,0.0000
3.5200,0.0000,-0.0000,-0.0000,0.0000
3.5300,0.0000,-0.0000,-0.0000,0.0000
3.5400,0.0000,-0.0000,-0.0000,0.0000
3.5500,0.0000,-0.0000,-0.0000,0.0000
3.5600,0.0000,-0.0000,-0.0000,0.0000
3.5700,0.0000,-0.0000,-0.0000,0.0000
3.5800,0.0000,-0.0000,-0.0000,0.0000
3.5900,0.0000,-0.0000,-0.0000,0.0000
3.6000,0.0000,-0.0000,-0.0000,0.0000
3.6100,0.0000,-0.0000,-0.0000,0.0000
3.6200,0.0000,-0.0000,-0.0000,0.0000
3.6300,0.0000,-0.0000,-0.0000,0.0000
3.6400,0.0000,-0.0000,-0.0000,0.0000
3.6500,0.0000,-0.0000,-0.0000,0.0000
3.6600,0.0000,-0.0000,-0.0000,0.0000
3.6700,0.0000,-0.0000,-0.0000,0.0000
3.6800,0.0000,-0.0000,-0.0000,0.0000
3.6900,0.0000,-0.0000,-0.0000,0.0000
3.7000,0.0000,-0.0000,-0.0000,0.0000
3.7100,0.0000,-0.0000,-0.0000,0.0000
3.7200,0.0000,-0.0000,-0.0000,0.0000
3.7300,0.0000,-0.0000,-0.0000,0.0000
3.7400,0.0000,-0.0000,-0.0000,0.0000
3.7500,0.0000,-0.0000,-0.0000,0.0000
3.7600,0.0000,-0.0000,-0.0000,0.0000
3.7700,0.0000,-0.0000,-0.0000,0.0000
3.7800,0.0000,-0.0000,-0.0000,0.0000
3.7900,0.0000,-0.0000,-0.0000,0.0000
3.8000,0.0000,-0.0000,-0.0000,0.0000
3.8100,0.0000,-0.0000,-0.0000,0.0000
3.8200,0.0000,-0.0000,-0.0000,0.0000
3.8300,0.0000,-0.0000,-0.0000,0.0000
3.8400,0.0000,-0.0000,-0.0000,0.0000
3.8500,0.0000,-0.0000,-0.0000,0.0000
3.8600,0.0000,-0.0000,-0.0000,0.0000
3.8700,0.0000,-0.0000,-0.0000,0.0000
3.8800,0.0000,-0.0000,-0.0000,0.0000
3.8900,0.0000,-0.0000,-0.0000,0.0000
3.9000,0.0000,-0.0000,-0.0000,0.0000
3.9100,0.0000,-0.0000,-0.0000,0.0000
3.9200,0.0000,-0.0000,-0.0000,0.0000
3.9300,0.0000,-0.0000,-0.0000,0.0000
3.9400,0.0000,-0.0000,-0.0000,0.0000
3.9500,0.0000,-0.0000,-0.0000,0.0000
3.9600,0.0000,-0.0000,-0.0000,0.0000
3.9700,0.0000,-0.0000,-0.0000,0.0000
3.9800,0.0000,-0.0000,-0.0000,0.0000
3.9900,0.0000,-0.0000,-0.0000,0.0000
4.0000,0.0000,-0.0000,-0.0000,0.0000
4.0100,0.0000,-0.0000,-0.0000,0.0000
4.0200,0.0000,-0.0000,-0.0000,0.0000
4.0300,0.0000,-0.0000,-0.0000,0.0000
4.0400,0.0000,-0.0000,-0.0000,0.0000
4.0500,0.0000,-0.0000,-0.0000,0.0000
4.0600,0.0000,-0.0000,-0.0000,0.0000
4.0700,0.0000,-0.0000,-0.0000,0.0000
4.0800,0.0000,-0.0000,-0.0000,0.0000
4.0900,0.0000,-0.0000,-0.0000,0.0000
4.1000,0.0000,-0.0000,-0.0000,0.0000
4.1100,0.0000,-0.0000,-0.0000,0.0000
4.1200,0.0000,-0.0000,-0.0000,0.0000
4.1300,0.0000,-0.0000,-0.0000,0.0000
4.1400,0.0000,-0.0000,-0.0000,0.0000
4.1500,0.0000,-0.0000,-0.0000,0.0000
4.1600,0.0000,-0.0000,-0.0000,0.0000
4.1700,0.0000,-0.0000,-0.0000,0.0000
4.1800,0.0000,-0.0000,-0.0000,0.0000
4.1900,0.0000,-0.0000,-0.0000,0.0000
4.2000,0.0000,-0.0000,-0.0000,0.0000
4.2100,0.0000,-0.0000,-0.0000,0.0000
4.2200,0.0000,-0.0000,-0.0000,0.0000
4.2300,0.0000,-0.0000,-0.0000,0.0000
4.2400,0.0000,-0.0000,-0.0000,0.0000
4.2500,0.0000,-0.0000,-0.0000,0.0000
4.2600,0.0000,-0.0000,-0.0000,0.0000
4.2700,0.0000,-0.0000,-0.0000,0.0000
4.2800,0.0000,-0.0000,-0.0000,0.0000
4.2900,0.0000,-0.0000,-0.0000,0.0000
4.3000,0.0000,-0.0000,-0.0000,0.0000
4.3100,0.0000,-0.0000,-0.0000,0.0000
4.3200,0.0000,-0.0000,-0.0000,0.0000
4.3300,0.0000,-0.0000,-0.0000,0.0000
4.3400,0.0000,-0.0000,-0.0000,0.0000
4.3500,0.0000,-0.0000,-0.0000,0.0000
4.3600,0.0000,-0.0000,-0.0000,0.0000
4.3700,0.0000,-0.0000,-0.0000,0.0000
4.3800,0.0000,-0.0000,-0.0000,0.0000
4.3900,0.0000,-0.0000,-0.0000,0.0000
4.4000,0.0000,-0.0000,-0.0000,0.0000
4.4100,0.0000,-0.0000,-0.0000,0.0000
4.4200,0.0000,-0.0000,-0.0000,0.0000
4.4300,0.0000,-0.0000,-0.0000,0.0000
4.4400,0.0000,-0.0000,-0.0000,0.0000
4.4500,0.0000,-0.0000,-0.0000,0.0000
4.4600,0.0000,-0.0000,-0.0000,0.0000
4.4700,0.0000,-0.0000,-0.0000,0.0000
4.4800,0.0000,-0.0000,-0.0000,0.0000
4.4900,0.0000,-0.0000,-0.0000,0.0000
4.5000,0.0000,-0.0000,-0.0000,0.0000
4.5100,0.0000,-0.0000,-0.0000,0.0000
4.5200,0.0000,-0.0000,-0.0000,0.0000
4.5300,0.0000,-0.0000,-0.0000,0.0000
4.5400,0.0000,-0.0000,-0.0000,0.0000
4.5500,0.0000,-0.0000,-0.0000,0.0000
4.5600,0.0000,-0.0000,-0.0000,0.0000
4.5700,0.0000,-0.0000,-0.0000,0.0000
4.5800,0.0000,-0.0000,-0.0000,0.0000
4.5900,0.0000,-0.0000,-0.0000,0.0000
4.6000,0.0000,-0.0000,-0.0000,0.0000
4.6100,0.0000,-0.0000,-0.0000,0.0000
4.6200,0.0000,-0.0000,-0.0000,0.0000
4.6300,0.0000,-0.0000,-0.0000,0.0000
4.6400,0.0000,-0.0000,-0.0000,0.0000
4.6500,0.0000,-0.0000,-0.0000,0.0000
4.6600,0.0000,-0.0000,-0.0000,0.0000
4.6700,0.0000,-0.0000,-0.0000,0.0000
4.6800,0.0000,-0.0000,-0.0000,0.0000
4.6900,0.0000,-0.0000,-0.0000,0.0000
4.7000,0.0000,-0.0000,-0.0000,0.0000
4.7100,0.0000,-0.0000,-0.0000,0.0000
4.7200,0.0000,-0.0000,-0.0000,0.0000
4.7300,0.0000,-0.0000,-0.0000,0.0000
4.7400,0.0000,-0.0000,-0.0000,0.0000
4.7500,0.0000,-0.0000,-0.0000,0.0000
4.7600,0.0000,-0.0000,-0.0000,0.0000
4.7700,0.0000,-0.0000,-0.0000,0.0000
4.7800,0.0000,-0.0000,-0.0000,0.0000
4.7900,0.0000,-0.0000,-0.0000,0.0000
4.8000,0.0000,-0.0000,-0.0000,0.0000
4.8100,0.0000,-0.0000,-0.0000,0.0000
4.8200,0.0000,-0.0000,-0.0000,0.0000
4.8300,0.0000,-0.0000,-0.0000,0.0000
4.8400,0.0000,-0.0000,-0.0000,0.0000
4.8500,0.0000,-0.0000,-0.0000,0.0000
4.8600,0.0000,-0.0000,-0.0000,0.0000
4.8700,0.0000,-0.0000,-0.0000,0.0000
4.8800,0.0000,-0.0000,-0.0000,0.0000
4.8900,0.0000,-0.0000,-0.0000,0.0000
4.9000,0.0000,-0.0000,-0.0000,0.0000
4.9100,0.0000,-0.0000,-0.0000,0.0000
4.9200,0.0000,-0.0000,-0.0000,0.0000
4.9300,0.0000,-0.0000,-0.0000,0.0000
4.9400,0.0000,-0.0000,-0.0000,0.0000
4.9500,0.0000,-0.0000,-0.0000,0.0000
4.9600,0.0000,-0.0000,-0.0000,0.0000
4.9700,0.0000,-0.0000,-0.0000,0.0000
4.9800,0.0000,-0.0000,-0.0000,0.0000
4.9900,0.0000,-0.0000,-0.0000,0.0000
5.0000,0.0955,9.5493,-0.0000,0.0000
5.0100,0.1419,4.6360,-3.0080,0.0000
5.0200,0.2075,6.5621,-1.6036,0.0000
5.0300,0.2603,5.2789,-2.2799,0.0000
5.0400,0.3155,5.5256,-1.9741,0.0000
5.0500,0.2707,-4.4833,-2.1310,0.0000
5.0600,0.2739,0.3182,0.9390,0.0000
5.0700,0.2552,-1.8697,-0.5063,0.0000
5.0800,0.2475,-0.7641,0.1782,0.0000
5.0900,0.2354,-1.2151,-0.1421,0.0000
5.1000,0.2260,-0.9349,0.0115,0.0000
5.1100,0.2160,-1.0025,-0.0586,0.0000
5.1200,0.2069,-0.9088,-0.0233,0.0000
5.1300,0.1980,-0.8938,-0.0377,0.0000
5.1400,0.1895,-0.8442,-0.0288,0.0000
5.1500,0.1814,-0.8134,-0.0310,0.0000
5.1600,0.1736,-0.7761,-0.0281,0.0000
5.1700,0.1662,-0.7440,-0.0276,0.0000
5.1800,0.1591,-0.7116,-0.0261,0.0000
5.1900,0.1523,-0.6814,-0.0252,0.0000
5.2000,0.1458,-0.6521,-0.0240,0.0000
5.2100,0.1395,-0.6242,-0.0230,0.0000
5.2200,0.1335,-0.5974,-0.0220,0.0000
5.2300,0.1278,-0.5719,-0.0211,0.0000
5.2400,0.1223,-0.5474,-0.0202,0.0000
5.2500,0.1171,-0.5239,-0.0193,0.0000
5.2600,0.1121,-0.5015,-0.0185,0.0000
5.2700,0.1073,-0.4800,-0.0177,0.0000
5.2800,0.1027,-0.4595,-0.0169,0.0000
5.2900,0.0983,-0.4398,-0.0162,0.0000
5.3000,0.0941,-0.4210,-0.0155,0.0000
5.3100,0.0901,-0.4029,-0.0148,0.0000
5.3200,0.0862,-0.3857,-0.0142,0.0000
5.3300,0.0825,-0.3692,-0.0136,0.0000
5.3400,0.0790,-0.3533,-0.0130,0.0000
5.3500,0.0756,-0.3382,-0.0125,0.0000
5.3600,0.0724,-0.3237,-0.0119,0.0000
5.3700,0.0693,-0.3099,-0.0114,0.0000
5.3800,0.0663,-0.2966,-0.0109,0.0000
5.3900,0.0635,-0.2839,-0.0105,0.0000
5.4000,0.0607,-0.2717,-0.0100,0.0000
5.4100,0.0581,-0.2601,-0.0096,0.0000
5.4200,0.0556,-0.2490,-0.0092,0.0000
5.4300,0.0533,-0.2383,-0.0088,0.0000
5.4400,0.0510,-0.2281,-0.0084,0.0000
5.4500,0.0488,-0.2183,-0.0080,0.0000
5.4600,0.0467,-0.2090,-0.0077,0.0000
5.4700,0.0447,-0.2000,-0.0074,0.0000
5.4800,0.0428,-0.1915,-0.0071,0.0000
5.4900,0.0410,-0.1833,-0.0068,0.0000
5.5000,0.0392,-0.1754,-0.0065,0.0000
5.5100,0.0375,-0.1679,-0.0062,0.0000
5.5200,0.0359,-0.1607,-0.0059,0.0000
5.5300,0.0344,-0.1538,-0.0057,0.0000
5.5400,0.0329,-0.1472,-0.0054,0.0000
5.5500,0.0315,-0.1409,-0.0052,0.0000
5.5600,0.0302,-0.1349,-0.0050,0.0000
5.5700,0.0289,-0.1291,-0.0048,0.0000
5.5800,0.0276,-0.1236,-0.0046,0.0000
5.5900,0.0264,-0.1183,-0.0044,0.0000
5.6000,0.0253,-0.1132,-0.0042,0.0000
5.6100,0.0242,-0.1084,-0.0040,0.0000
5.6200,0.0232,-0.1037,-0.0038,0.0000
5.6300,0.0222,-0.0993,-0.0037,0.0000
5.6400,0.0212,-0.0950,-0.0035,0.0000
5.6500,0.0203,-0.0910,-0.0034,0.0000
5.6600,0.0195,-0.0871,-0.0032,0.0000
5.6700,0.0186,-0.0834,-0.0031,0.0000
5.6800,0.0178,-0.0798,-0.0029,0.0000
5.6900,0.0171,-0.0764,-0.0028,0.0000
5.7000,0.0163,-0.0731,-0.0027,0.0000
5.7100,0.0156,-0.0700,-0.0026,0.0000
5.7200,0.0150,-0.0670,-0.0025,0.0000
5.7300,0.0143,-0.0641,-0.0024,0.0000
5.7400,0.0137,-0.0614,-0.0023,0.0000
5.7500,0.0131,-0.0587,-0.0022,0.0000
5.7600,0.0126,-0.0562,-0.0021,0.0000
5.7700,0.0120,-0.0538,-0.0020,0.0000
5.7800,0.0115,-0.0515,-0.0019,0.0000
5.7900,0.0110,-0.0493,-0.0018,0.0000
5.8000,0.0105,-0.0472,-0.0017,0.0000
5.8100,0.0101,-0.0452,-0.0017,0.0000
5.8200,0.0097,-0.0432,-0.0016,0.0000
5.8300,0.0092,-0.0414,-0.0015,0.0000
5.8400,0.0089,-0.0396,-0.0015,0.0000
5.8500,0.0085,-0.0379,-0.0014,0.0000
5.8600,0.0081,-0.0363,-0.0013,0.0000
5.8700,0.0078,-0.0347,-0.0013,0.0000
5.8800,0.0074,-0.0332,-0.0012,0.0000
5.8900,0.0071,-0.0318,-0.0012,0.0000
5.9000,0.0068,-0.0305,-0.0011,0.0000
5.9100,0.0065,-0.0292,-0.0011,0.0000
5.9200,0.0062,-0.0279,-0.0010,0.0000
5.9300,0.0060,-0.0267,-0.0010,0.0000
5.9400,0.0057,-0.0256,-0.0009,0.0000
5.9500,0.0055,-0.0245,-0.0009,0.0000
5.9600,0.0052,-0.0234,-0.0009,0.0000
5.9700,0.0050,-0.0224,-0.0008,0.0000
5.9800,0.0048,-0.0215,-0.0008,0.0000
5.9900,0.0046,-0.0205,-0.0008,0.0000
6.0000,0.0044,-0.0197,-0.0007,0.0000
6.0100,0.0042,-0.0188,-0.0007,0.0000
6.0200,0.0040,-0.0180,-0.0007,0.0000
6.0300,0.0039,-0.0172,-0.0006,0.0000
6.0400,0.0037,-0.0165,-0.0006,0.0000
6.0500,0.0035,-0.0158,-0.0006,0.0000
6.0600,0.0034,-0.0151,-0.0006,0.0000
6.0700,0.0032,-0.0145,-0.0005,0.0000
6.0800,0.0031,-0.0139,-0.0005,0.0000
6.0900,0.0030,-0.0133,-0.0005,0.0000
6.1000,0.0028,-0.0127,-0.0005,0.0000
6.1100,0.0027,-0.0121,-0.0004,0.0000
6.1200,0.0026,-0.0116,-0.0004,0.0000
6.1300,0.0025,-0.0111,-0.0004,0.0000
6.1400,0.0024,-0.0107,-0.0004,0.0000
6.1500,0.0023,-0.0102,-0.0004,0.0000
6.1600,0.0022,-0.0098,-0.0004,0.0000
6.1700,0.0021,-0.0093,-0.0003,0.0000
6.1800,0.0020,-0.0089,-0.0003,0.0000
6.1900,0.0019,-0.0086,-0.0003,0.0000
6.2000,0.0018,-0.0082,-0.0003,0.0000
6.2100,0.0018,-0.0078,-0.0003,0.0000
6.2200,0.0017,-0.0075,-0.0003,0.0000
6.2300,0.0016,-0.0072,-0.0003,0.0000
6.2400,0.0015,-0.0069,-0.0003,0.0000
6.2500,0.0015,-0.0066,-0.0002,0.0000
6.2600,0.0014,-0.0063,-0.0002,0.0000
6.2700,0.0013,-0.0060,-0.0002,0.0000
6.2800,0.0013,-0.0058,-0.0002,0.0000
6.2900,0.0012,-0.0055,-0.0002,0.0000
6.3000,0.0012,-0.0053,-0.0002,0.0000
6.3100,0.0011,-0.0051,-0.0002,0.0000
6.3200,0.0011,-0.0048,-0.0002,0.0000
6.3300,0.0010,-0.0046,-0.0002,0.0000
6.3401,0.0010,-0.0044,-0.0002,0.0000
6.3501,0.0009,-0.0042,-0.0002,0.0000
6.3601,0.0009,-0.0041,-0.0001,0.0000
6.3701,0.0009,-0.0039,-0.0001,0.0000
6.3801,0.0008,-0.0037,-0.0001,0.0000
6.3901,0.0008,-0.0036,-0.0001,0.0000
6.4001,0.0008,-0.0034,-0.0001,0.0000
6.4101,0.0007,-0.0033,-0.0001,0.0000
6.4201,0.0007,-0.0031,-0.0001,0.0000
6.4301,0.0007,-0.0030,-0.0001,0.0000
6.4401,0.0006,-0.0029,-0.0001,0.0000
6.4501,0.0006,-0.0027,-0.0001,0.0000
6.4601,0.0006,-0.0026,-0.0001,0.0000
6.4701,0.0006,-0.0025,-0.0001,0.0000
6.4801,0.0005,-0.0024,-0.0001,0.0000
6.4901,0.0005,-0.0023,-0.0001,0.0000
6.5001,0.0005,-0.0022,-0.0001,0.0000
6.5101,0.0005,-0.0021,-0.0001,0.0000
6.5201,0.0005,-0.0020,-0.0001,0.0000
6.5301,0.0004,-0.0019,-0.0001,0.0000
6.5401,0.0004,-0.0018,-0.0001,0.0000
6.5501,0.0004,-0.0018,-0.0001,0.0000
6.5601,0.0004,-0.0017,-0.0001,0.0000
6.5701,0.0004,-0.0016,-0.0001,0.0000
6.5801,0.0003,-0.0016,-0.0001,0.0000
6.5901,0.0003,-0.0015,-0.0001,0.0000
6.6001,0.0003,-0.0014,-0.0001,0.0000
6.6101,0.0003,-0.0014,-0.0001,0.0000
6.6201,0.0003,-0.0013,-0.0000,0.0000
6.6301,0.0003,-0.0012,-0.0000,0.0000
6.6401,0.0003,-0.0012,-0.0000,0.0000
6.6501,0.0003,-0.0011,-0.0000,0.0000
6.6601,0.0002,-0.0011,-0.0000,0.0000
6.6701,0.0002,-0.0010,-0.0000,0.0000
6.6801,0.0002,-0.0010,-0.0000,0.0000
6.6901,0.0002,-0.0010,-0.0000,0.0000
6.7001,0.0002,-0.0009,-0.0000,0.0000
6.7101,0.0002,-0.0009,-0.0000,0.0000
6.7201,0.0002,-0.0008,-0.0000,0.0000
6.7301,0.0002,-0.0008,-0.0000,0.0000
6.7401,0.0002,-0.0008,-0.0000,0.0000
6.7501,0.0002,-0.0007,-0.0000,0.0000
6.7601,0.0002,-0.0007,-0.0000,0.0000
6.7701,0.0002,-0.0007,-0.0000,0.0000
6.7801,0.0001,-0.0006,-0.0000,0.0000
6.7901,0.0001,-0.0006,-0.0000,0.0000
6.8001,0.0001,-0.0006,-0.0000,0.0000
6.8101,0.0001,-0.0006,-0.0000,0.0000
6.8201,0.0001,-0.0005,-0.0000,0.0000
6.8301,0.0001,-0.0005,-0.0000,0.0000
6.8401,0.0001,-0.0005,-0.0000,0.0000
6.8501,0.0001,-0.0005,-0.0000,0.0000
6.8601,0.0001,-0.0005,-0.0000,0.0000
6.8701,0.0001,-0.0004,-0.0000,0.0000
6.8801,0.0001,-0.0004,-0.0000,0.0000
6.8901,0.0001,-0.0004,-0.0000,0.0000
6.9001,0.0001,-0.0004,-0.0000,0.0000
6.9101,0.0001,-0.0004,-0.0000,0.0000
6.9201,0.0001,-0.0004,-0.0000,0.0000
6.9301,0.0001,-0.0003,-0.0000,0.0000
6.9401,0.0001,-0.0003,-0.0000,0.0000
6.9501,0.0001,-0.0003,-0.0000,0.0000
6.9601,0.0001,-0.0003,-0.0000,0.0000
6.9701,0.0001,-0.0003,-0.0000,0.0000
6.9801,0.0001,-0.0003,-0.0000,0.0000
6.9901,0.0001,-0.0003,-0.0000,0.0000
7.0001,0.0001,-0.0002,-0.0000,0.0000
7.0101,0.0001,-0.0002,-0.0000,0.0000
7.0201,0.0001,-0.0002,-0.0000,0.0000
7.0301,0.0000,-0.0002,-0.0000,0.0000
7.0401,0.0000,-0.0002,-0.0000,0.0000
7.0501,0.0000,-0.0002,-0.0000,0.0000
7.0601,0.0000,-0.0002,-0.0000,0.0000
7.0701,0.0000,-0.0002,-0.0000,0.0000
7.0801,0.0000,-0.0002,-0.0000,0.0000
7.0901,0.0000,-0.0002,-0.0000,0.0000
7.1001,0.0000,-0.0002,-0.0000,0.0000
7.1101,0.0000,-0.0002,-0.0000,0.0000
7.1201,0.0000,-0.0001,-0.0000,0.0000
7.1301,0.0000,-0.0001,-0.0000,0.0000
7.1401,0.0000,-0.0001,-0.0000,0.0000
7.1501,0.0000,-0.0001,-0.0000,0.0000
7.1601,0.0000,-0.0001,-0.0000,0.0000
7.1701,0.0000,-0.0001,-0.0000,0.0000
7.1801,0.0000,-0.0001,-0.0000,0.0000
7.1901,0.0000,-0.0001,-0.0000,0.0000
7.2001,0.0000,-0.0001,-0.0000,0.0000
7.2101,0.0000,-0.0001,-0.0000,0.0000
7.2201,0.0000,-0.0001,-0.0000,0.0000
7.2301,0.0000,-0.0001,-0.0000,0.0000
7.2401,0.0000,-0.0001,-0.0000,0.0000
7.2501,0.0000,-0.0001,-0.0000,0.0000
7.2601,0.0000,-0.0001,-0.0000,0.0000
7.2701,0.0000,-0.0001,-0.0000,0.0000
7.2801,0.0000,-0.0001,-0.0000,0.0000
7.2901,0.0000,-0.0001,-0.0000,0.0000
7.3001,0.0000,-0.0001,-0.0000,0.0000
7.3101,0.0000,-0.0001,-0.0000,0.0000
7.3201,0.0000,-0.0001,-0.0000,0.0000
7.3301,0.0000,-0.0001,-0.0000,0.0000
7.3401,0.0000,-0.0001,-0.0000,0.0000
7.3501,0.0000,-0.0001,-0.0000,0.0000
7.3601,0.0000,-0.0001,-0.0000,0.0000
7.3701,0.0000,-0.0000,-0.0000,0.0000
7.3801,0.0000,-0.0000,-0.0000,0.0000
7.3901,0.0000,-0.0000,-0.0000,0.0000
7.4001,0.0000,-0.0000,-0.0000,0.0000
7.4101,0.0000,-0.0000,-0.0000,0.0000
7.4201,0.0000,-0.0000,-0.0000,0.0000
7.4301,0.0000,-0.0000,-0.0000,0.0000
7.4401,0.0000,-0.0000,-0.0000,0.0000
7.4501,0.0000,-0.0000,-0.0000,0.0000
7.4601,0.0000,-0.0000,-0.0000,0.0000
7.4701,0.0000,-0.0000,-0.0000,0.0000
7.4801,0.0000,-0.0000,-0.0000,0.0000
7.4901,0.0000,-0.0000,-0.0000,0.0000
7.5001,0.0000,-0.0000,-0.0000,0.0000
7.5101,0.0000,-0.0000,-0.0000,0.0000
7.5201,0.0000,-0.0000,-0.0000,0.0000
7.5301,0.0000,-0.0000,-0.0000,0.0000
7.5401,0.0000,-0.0000,-0.0000,0.0000
7.5501,0.0000,-0.0000,-0.0000,0.0000
7.5601,0.0000,-0.0000,-0.0000,0.0000
7.5701,0.0000,-0.0000,-0.0000,0.0000
7.5801,0.0000,-0.0000,-0.0000,0.0000
7.5901,0.0000,-0.0000,-0.0000,0.0000
7.6001,0.0000,-0.0000,-0.0000,0.0000
7.6101,0.0000,-0.0000,-0.0000,0.0000
7.6201,0.0000,-0.0000,-0.0000,0.0000
7.6301,0.0000,-0.0000,-0.0000,0.0000
7.6401,0.0000,-0.0000,-0.0000,0.0000
7.6501,0.0000,-0.0000,-0.0000,0.0000
7.6601,0.0000,-0.0000,-0.0000,0.0000
7.6701,0.0000,-0.0000,-0.0000,0.0000
7.6801,0.0000,-0.0000,-0.0000,0.0000
7.6901,0.0000,-0.0000,-0.0000,0.0000
7.7001,0.0000,-0.0000,-0.0000,0.0000
7.7101,0.0000,-0.0000,-0.0000,0.0000
7.7201,0.0000,-0.0000,-0.0000,0.0000
7.7301,0.0000,-0.0000,-0.0000,0.0000
7.7401,0.0000,-0.0000,-0.0000,0.0000
7.7501,0.0000,-0.0000,-0.0000,0.0000
7.7601,0.0000,-0.0000,-0.0000,0.0000
7.7701,0.0000,-0.0000,-0.0000,0.0000
7.7801,0.0000,-0.0000,-0.0000,0.0000
7.7901,0.0000,-0.0000,-0.0000,0.0000
7.8001,0.0000,-0.0000,-0.0000,0.0000
7.8101,0.0000,-0.0000,-0.0000,0.0000
7.8201,0.0000,-0.0000,-0.0000,0.0000
7.8301,0.0000,-0.0000,-0.0000,0.0000
7.8401,0.0000,-0.0000,-0.0000,0.0000
7.8501,0.0000,-0.0000,-0.0000,0.0000
7.8601,0.0000,-0.0000,-0.0000,0.0000
7.8701,0.0000,-0.0000,-0.0000,0.0000
7.8801,0.0000,-0.0000,-0.0000,0.0000
7.8901,0.0000,-0.0000,-0.0000,0.0000
7.9001,0.0000,-0.0000,-0.0000,0.0000
7.9101,0.0000,-0.0000,-0.0000,0.0000
7.9201,0.0000,-0.0000,-0.0000,0.0000
7.9301,0.0000,-0.0000,-0.0000,0.0000
7.9401,0.0000,-0.0000,-0.0000,0.0000
7.9501,0.0000,-0.0000,-0.0000,0.0000
7.9601,0.0000,-0.0000,-0.0000,0.0000
7.9701,0.0000,-0.0000,-0.0000,0.0000
7.9801,0.0000,-0.0000,-0.0000,0.0000
7.9901,0.0000,-0.0000,-0.0000,0.0000
8.0001,0.0000,-0.0000,-0.0000,0.0000
8.0101,0.0000,-0.0000,-0.0000,0.0000
8.0201,0.0000,-0.0000,-0.0000,0.0000
8.0301,0.0000,-0.0000,-0.0000,0.0000
8.0401,0.0000,-0.0000,-0.0000,0.0000
8.0501,0.0000,-0.0000,-0.0000,0.0000
8.0601,0.0000,-0.0000,-0.0000,0.0000
8.0701,0.0000,-0.0000,-0.0000,0.0000
8.0801,0.0000,-0.0000,-0.0000,0.0000
8.0901,0.0000,-0.0000,-0.0000,0.0000
8.1001,0.0000,-0.0000,-0.0000,0.0000
8.1101,0.0000,-0.0000,-0.0000,0.0000
8.1201,0.0000,-0.0000,-0.0000,0.0000
8.1301,0.0000,-0.0000,-0.0000,0.0000
8.1401,0.0000,-0.0000,-0.0000,0.0000
8.1501,0.0000,-0.0000,-0.0000,0.0000
8.1601,0.0000,-0.0000,-0.0000,0.0000
8.1701,0.0000,-0.0000,-0.0000,0.0000
8.1801,0.0000,-0.0000,-0.0000,0.0000
8.1901,0.0000,-0.0000,-0.0000,0.0000
8.2001,0.0000,-0.0000,-0.0000,0.0000
8.2101,0.0000,-0.0000,-0.0000,0.0000
8.2201,0.0000,-0.0000,-0.0000,0.0000
8.2301,0.0000,-0.0000,-0.0000,0.0000
8.2401,0.0000,-0.0000,-0.0000,0.0000
8.2501,0.0000,-0.0000,-0.0000,0.0000
8.2601,0.0000,-0.0000,-0.0000,0.0000
8.2701,0.0000,-0.0000,-0.0000,0.0000
8.2801,0.0000,-0.0000,-0.0000,0.0000
8.2901,0.0000,-0.0000,-0.0000,0.0000
8.3001,0.0000,-0.0000,-0.0000,0.0000
8.3101,0.0000,-0.0000,-0.0000,0.0000
8.3201,0.0000,-0.0000,-0.0000,0.0000
8.3301,0.0000,-0.0000,-0.0000,0.0000
8.3401,0.0000,-0.0000,-0.0000,0.0000
8.3501,0.0000,-0.0000,-0.0000,0.0000
8.3601,0.0000,-0.0000,-0.0000,0.0000
8.3701,0.0000,-0.0000,-0.0000,0.0000
8.3801,0.0000,-0.0000,-0.0000,0.0000
8.3901,0.0000,-0.0000,-0.0000,0.0000
8.4001,0.0000,-0.0000,-0.0000,0.0000
8.4101,0.0000,-0.0000,-0.0000,0.0000
8.4201,0.0000,-0.0000,-0.0000,0.0000
8.4301,0.0000,-0.0000,-0.0000,0.0000
8.4401,0.0000,-0.0000,-0.0000,0.0000
8.4501,0.0000,-0.0000,-0.0000,0.0000
8.4601,0.0000,-0.0000,-0.0000,0.0000
8.4701,0.0000,-0.0000,-0.0000,0.0000
8.4801,0.0000,-0.0000,-0.0000,0.0000
8.4901,0.0000,-0.0000,-0.0000,0.0000
8.5001,0.0000,-0.0000,-0.0000,0.0000
8.5101,0.0000,-0.0000,-0.0000,0.0000
8.5201,0.0000,-0.0000,-0.0000,0.0000
8.5301,0.0000,-0.0000,-0.0000,0.0000
8.5401,0.0000,-0.0000,-0.0000,0.0000
8.5501,0.0000,-0.0000,-0.0000,0.0000
8.5601,0.0000,-0.0000,-0.0000,0.0000
8.5701,0.0000,-0.0000,-0.0000,0.0000
8.5801,0.0000,-0.0000,-0.0000,0.0000
8.5901,0.0000,-0.0000,-0.0000,0.0000
8.6001,0.0000,-0.0000,-0.0000,0.0000
8.6101,0.0000,-0.0000,-0.0000,0.0000
8.6201,0.0000,-0.0000,-0.0000,0.0000
8.6301,0.0000,-0.0000,-0.0000,0.0000
8.6401,0.0000,-0.0000,-0.0000,0.0000
8.6501,0.0000,-0.0000,-0.0000,0.0000
8.6601,0.0000,-0.0000,-0.0000,0.0000
8.6701,0.0000,-0.0000,-0.0000,0.0000
8.6801,0.0000,-0.0000,-0.0000,0.0000
8.6901,0.0000,-0.0000,-0.0000,0.0000
8.7001,0.0000,-0.0000,-0.0000,0.0000
8.7101,0.0000,-0.0000,-0.0000,0.0000
8.7201,0.0000,-0.0000,-0.0000,0.0000
8.7301,0.0000,-0.0000,-0.0000,0.0000
8.7401,0.0000,-0.0000,-0.0000,0.0000
8.7501,0.0000,-0.0000,-0.0000,0.0000
8.7601,0.0000,-0.0000,-0.0000,0.0000
8.7701,0.0000,-0.0000,-0.0000,0.0000
8.7801,0.0000,-0.0000,-0.0000,0.0000
8.7901,0.0000,-0.0000,-0.0000,0.0000
8.8001,0.0000,-0.0000,-0.0000,0.0000
8.8101,0.0000,-0.0000,-0.0000,0.0000
8.8201,0.0000,-0.0000,-0.0000,0.0000
8.8301,0.0000,-0.0000,-0.0000,0.0000
8.8401,0.0000,-0.0000,-0.0000,0.0000
8.8501,0.0000,-0.0000,-0.0000,0.0000
8.8601,0.0000,-0.0000,-0.0000,0.0000
8.8701,0.0000,-0.0000,-0.0000,0.0000
8.8801,0.0000,-0.0000,-0.0000,0.0000
8.8901,0.0000,-0.0000,-0.0000,0.0000
8.9001,0.0000,-0.0000,-0.0000,0.0000
8.9101,0.0000,-0.0000,-0.0000,0.0000
8.9201,0.0000,-0.0000,-0.0000,0.0000
8.9301,0.0000,-0.0000,-0.0000,0.0000
8.9401,0.0000,-0.0000,-0.0000,0.0000
8.9501,0.0000,-0.0000,-0.0000,0.0000
8.9601,0.0000,-0.0000,-0.0000,0.0000
8.9701,0.0000,-0.0000,-0.0000,0.0000
8.9801,0.0000,-0.0000,-0.0000,0.0000
8.9901,0.0000,-0.0000,-0.0000,0.0000
9.0001,0.0000,-0.0000,-0.0000,0.0000
9.0101,0.0000,-0.0000,-0.0000,0.0000
9.0201,0.0000,-0.0000,-0.0000,0.0000
9.0301,0.0000,-0.0000,-0.0000,0.0000
9.0401,0.0000,-0.0000,-0.0000,0.0000
9.0501,0.0000,-0.0000,-0.0000,0.0000
9.0601,0.0000,-0.0000,-0.0000,0.0000
9.0701,0.0000,-0.0000,-0.0000,0.0000
9.0801,0.0000,-0.0000,-0.0000,0.0000
9.0901,0.0000,-0.0000,-0.0000,0.0000
9.1001,0.0000,-0.0000,-0.0000,0.0000
9.1101,0.0000,-0.0000,-0.0000,0.0000
9.1201,0.0000,-0.0000,-0.0000,0.0000
9.1301,0.0000,-0.0000,-0.0000,0.0000
9.1401,0.0000,-0.0000,-0.0000,0.0000
9.1501,0.0000,-0.0000,-0.0000,0.0000
9.1601,0.0000,-0.0000,-0.0000,0.0000
9.1701,0.0000,-0.0000,-0.0000,0.0000
9.1801,0.0000,-0.0000,-0.0000,0.0000
9.1901,0.0000,-0.0000,-0.0000,0.0000
9.2001,0.0000,-0.0000,-0.0000,0.0000
9.2101,0.0000,-0.0000,-0.0000,0.0000
9.2201,0.0000,-0.0000,-0.0000,0.0000
9.2301,0.0000,-0.0000,-0.0000,0.0000
9.2401,0.0000,-0.0000,-0.0000,0.0000
9.2501,0.0000,-0.0000,-0.0000,0.0000
9.2601,0.0000,-0.0000,-0.0000,0.0000
9.2701,0.0000,-0.0000,-0.0000,0.0000
9.2801,0.0000,-0.0000,-0.0000,0.0000
9.2901,0.0000,-0.0000,-0.0000,0.0000
9.3001,0.0000,-0.0000,-0.0000,0.0000
9.3101,0.0000,-0.0000,-0.0000,0.0000
9.3201,0.0000,-0.0000,-0.0000,0.0000
9.3301,0.0000,-0.0000,-0.0000,0.0000
9.3401,0.0000,-0.0000,-0.0000,0.0000
9.3501,0.0000,-0.0000,-0.0000,0.0000
9.3601,0.0000,-0.0000,-0.0000,0.0000
9.3701,0.0000,-0.0000,-0.0000,0.0000
9.3801,0.0000,-0.0000,-0.0000,0.0000
9.3901,0.0000,-0.0000,-0.0000,0.0000
9.4001,0.0000,-0.0000,-0.0000,0.0000
9.4101,0.0000,-0.0000,-0.0000,0.0000
9.4201,0.0000,-0.0000,-0.0000,0.0000
9.4301,0.0000,-0.0000,-0.0000,0.0000
9.4401,0.0000,-0.0000,-0.0000,0.0000
9.4501,0.0000,-0.0000,-0.0000,0.0000
9.4601,0.0000,-0.0000,-0.0000,0.0000
9.4701,0.0000,-0.0000,-0.0000,0.0000
9.4801,0.0000,-0.0000,-0.0000,0.0000
9.4901,0.0000,-0.0000,-0.0000,0.0000
9.5001,0.0000,-0.0000,-0.0000,0.0000
9.5101,0.0000,-0.0000,-0.0000,0.0000
9.5201,0.0000,-0.0000,-0.0000,0.0000
9.5301,0.0000,-0.0000,-0.0000,0.0000
9.5401,0.0000,-0.0000,-0.0000,0.0000
9.5501,0.0000,-0.0000,-0.0000,0.0000
9.5601,0.0000,-0.0000,-0.0000,0.0000
9.5701,0.0000,-0.0000,-0.0000,0.0000
9.5801,0.0000,-0.0000,-0.0000,0.0000
9.5901,0.0000,-0.0000,-0.0000,0.0000
9.6001,0.0000,-0.0000,-0.0000,0.0000
9.6101,0.0000,-0.0000,-0.0000,0.0000
9.6201,0.0000,-0.0000,-0.0000,0.0000
9.6301,0.0000,-0.0000,-0.0000,0.0000
9.6401,0.0000,-0.0000,-0.0000,0.0000
9.6501,0.0000,-0.0000,-0.0000,0.0000
9.6601,0.0000,-0.0000,-0.0000,0.0000
9.6701,0.0000,-0.0000,-0.0000,0.0000
9.6801,0.0000,-0.0000,-0.0000,0.0000
9.6901,0.0000,-0.0000,-0.0000,0.0000
9.7001,0.0000,-0.0000,-0.0000,0.0000
9.7101,0.0000,-0.0000,-0.0000,0.0000
9.7201,0.0000,-0.0000,-0.0000,0.0000
9.7301,0.0000,-0.0000,-0.0000,0.0000
9.7401,0.0000,-0.0000,-0.0000,0.0000
9.7501,0.0000,-0.0000,-0.0000,0.0000
9.7601,0.0000,-0.0000,-0.0000,0.0000
9.7701,0.0000,-0.0000,-0.0000,0.0000
9.7801,0.0000,-0.0000,-0.0000,0.0000
9.7901,0.0000,-0.0000,-0.0000,0.0000
9.8001,0.0000,-0.0000,-0.0000,0.0000
9.8101,0.0000,-0.0000,-0.0000,0.0000
9.8201,0.0000,-0.0000,-0.0000,0.0000
9.8301,0.0000,-0.0000,-0.0000,0.0000
9.8401,0.0000,-0.0000,-0.0000,0.0000
9.8501,0.0000,-0.0000,-0.0000,0.0000
9.8601,0.0000,-0.0000,-0.0000,0.0000
9.8701,0.0000,-0.0000,-0.0000,0.0000
9.8801,0.0000,-0.0000,-0.0000,0.0000
9.8901,0.0000,-0.0000,-0.0000,0.0000
9.9001,0.0000,-0.0000,-0.0000,0.0000
9.9101,0.0000,-0.0000,-0.0000,0.0000
9.9201,0.0000,-0.0000,-0.0000,0.0000
9.9301,0.0000,-0.0000,-0.0000,0.0000
9.9401,0.0000,-0.0000,-0.0000,0.0000
9.9501,0.0000,-0.0000,-0.0000,0.0000
9.9601,0.0000,-0.0000,-0.0000,0.0000
9.9701,0.0000,-0.0000,-0.0000,0.0000
9.9801,0.0000,-0.0000,-0.0000,0.0000
9.9901,0.0000,-0.0000,-0.0000,0.0000
